{
  "accuracy": 0.8131399317406144,
  "f1_weighted": 0.8158047825947871,
  "f1_macro": 0.7505692336846401,
  "f1_intentional": 0.6256410256410256,
  "precision_intentional": 0.6,
  "recall_intentional": 0.6535714285714286,
  "f1_unintentional": 0.8754974417282547,
  "precision_unintentional": 0.8881199538638985,
  "recall_unintentional": 0.8632286995515696
}