{
  "accuracy": 0.9395509499136442,
  "f1_weighted": 0.9415417931015031,
  "f1_macro": 0.922753210516084,
  "f1_intentional": 0.8867313915857605,
  "precision_intentional": 0.8035190615835777,
  "recall_intentional": 0.9891696750902527,
  "f1_unintentional": 0.9587750294464076,
  "precision_unintentional": 0.996328029375765,
  "recall_unintentional": 0.923950056753689,
  "n_seed": 26,
  "n_clusters": 23
}