{
  "accuracy": 0.9300908486594284,
  "f1_weighted": 0.9310311428091401,
  "f1_macro": 0.9229201290080249,
  "f1_intentional": 0.899410170572294,
  "precision_intentional": 0.8504672897196262,
  "recall_intentional": 0.9543301759133965,
  "f1_unintentional": 0.9464300874437558,
  "precision_unintentional": 0.976353126642144,
  "recall_unintentional": 0.9182866556836903,
  "n_seed": 173,
  "n_clusters": 122
}