{
  "accuracy": 0.8596564289432587,
  "f1_weighted": 0.8592395537637716,
  "f1_macro": 0.8507769876201814,
  "f1_intentional": 0.8143762049022308,
  "precision_intentional": 0.8269015659955258,
  "recall_intentional": 0.8022246337493217,
  "f1_unintentional": 0.8871777703381319,
  "precision_unintentional": 0.8790844252778238,
  "recall_unintentional": 0.8954215239060652,
  "n_seed": 97
}