{
  "accuracy": 0.943367732192298,
  "f1_weighted": 0.9408459517412127,
  "f1_macro": 0.8912066944409015,
  "f1_intentional": 0.8158756137479541,
  "precision_intentional": 0.9155188246097337,
  "recall_intentional": 0.7357933579335794,
  "f1_unintentional": 0.9665377751338489,
  "precision_unintentional": 0.9477905789703952,
  "recall_unintentional": 0.9860415718403884,
  "n_seed": 80
}