{
  "accuracy": 0.769155206286837,
  "f1_weighted": 0.7712265912415356,
  "f1_macro": 0.7677565788387926,
  "f1_intentional": 0.7497337593184239,
  "precision_intentional": 0.6666666666666666,
  "recall_intentional": 0.8564476885644768,
  "f1_unintentional": 0.7857793983591613,
  "precision_unintentional": 0.8795918367346939,
  "recall_unintentional": 0.7100494233937397,
  "n_seed": 25,
  "n_clusters": 23
}