{
  "accuracy": 0.8767980674206655,
  "f1_weighted": 0.8691110426415399,
  "f1_macro": 0.8447248864117943,
  "f1_intentional": 0.7741545893719807,
  "precision_intentional": 0.9673038229376257,
  "recall_intentional": 0.6453020134228188,
  "f1_unintentional": 0.915295183451608,
  "precision_unintentional": 0.8515240904621436,
  "recall_unintentional": 0.9893912191937326,
  "n_seed": 92
}