{
  "accuracy": 0.8786647633688371,
  "f1_weighted": 0.8723842816233988,
  "f1_macro": 0.8494819918749694,
  "f1_intentional": 0.7832058073376496,
  "precision_intentional": 0.9428436466698158,
  "recall_intentional": 0.6697986577181209,
  "f1_unintentional": 0.9157581764122894,
  "precision_unintentional": 0.8592274678111588,
  "recall_unintentional": 0.9802513464991023,
  "n_seed": 92
}