feature,importance
row_signal_sum,0.6990844751887213
n_applicable,0.19741251370513233
cell_signal_sum,0.03894857701845937
cell_signal_ratio,0.03736210705387275
signal_C3,0.014548138974310908
signal_C4,0.010302291935260296
signal_C6,0.002341896124243105
signal_C1,0.0
signal_C2,0.0
signal_C5,0.0
signal_C10,0.0
signal_C9,0.0
signal_C8,0.0
signal_C7,0.0
signal_C14,0.0
signal_C13,0.0
signal_C12,0.0
signal_C11,0.0
