{
  "accuracy": 0.7084067455323433,
  "f1_weighted": 0.7362908311266784,
  "f1_macro": 0.595877418393703,
  "f1_intentional": 0.38262723154809486,
  "precision_intentional": 0.2996661101836394,
  "recall_intentional": 0.529108327192336,
  "f1_unintentional": 0.8091276052393113,
  "precision_unintentional": 0.8848648648648648,
  "recall_unintentional": 0.7453331309758688,
  "n_seed": 80
}