{
  "accuracy": 0.8993394149103492,
  "f1_weighted": 0.8990254273139221,
  "f1_macro": 0.8928971606292717,
  "f1_intentional": 0.8666296193387052,
  "precision_intentional": 0.8805759457933371,
  "recall_intentional": 0.8531181619256017,
  "f1_unintentional": 0.9191647019198383,
  "precision_unintentional": 0.9104253544620518,
  "recall_unintentional": 0.9280734568950859,
  "n_seed": 165,
  "n_clusters": 119
}