{
  "n_cells": 1043,
  "n_parse_fail_chunks": 0,
  "n_chunks": 56,
  "accuracy": 0.6692233940556088,
  "f1_weighted": 0.668569594601157,
  "f1_intentional": 0.6723646723646723,
  "f1_unintentional": 0.6660212971926428,
  "f1_macro": 0.6691929847786575
}