{
  "accuracy": 0.7299128751210068,
  "f1_weighted": 0.7326293941548748,
  "f1_macro": 0.7265829485633621,
  "f1_intentional": 0.6964091403699674,
  "precision_intentional": 0.6324110671936759,
  "recall_intentional": 0.774818401937046,
  "f1_unintentional": 0.7567567567567568,
  "precision_unintentional": 0.8235294117647058,
  "recall_unintentional": 0.7
}