feature,importance
h5_error_count,0.23268338719870177
h3_distribution_score,0.23081046562876703
h6_column_importance,0.17045590713586325
h4_coherence_score,0.14936423427509468
h1_plausible,0.08317235567064124
h7_comprehensibility,0.058188376940174674
h5_codependent_flag,0.05108381261889094
h8_is_sensitive,0.01859338482211456
h8_is_majority_value,0.005648075709751884
h2_min_edit_distance,0.0
h2_is_obfuscation,0.0
h7_mutability,0.0
h7_gain_direction,0.0
