{
  "accuracy": 0.8791039859448776,
  "f1_weighted": 0.8750700631690056,
  "f1_macro": 0.8542930501155382,
  "f1_intentional": 0.7941671340437465,
  "precision_intentional": 0.8965808357956944,
  "recall_intentional": 0.7127516778523489,
  "f1_unintentional": 0.91441896618733,
  "precision_unintentional": 0.8729593351142773,
  "recall_unintentional": 0.9600130569609924,
  "n_seed": 92
}