{
  "accuracy": 0.8547631441957314,
  "f1_weighted": 0.8552119653442285,
  "f1_macro": 0.8474428364714066,
  "f1_intentional": 0.8140247966937741,
  "precision_intentional": 0.800262123197903,
  "recall_intentional": 0.8282691264243082,
  "f1_unintentional": 0.8808608762490392,
  "precision_unintentional": 0.8906735751295337,
  "recall_unintentional": 0.8712620375063356
}