{
  "accuracy": 0.9231364742313647,
  "f1_weighted": 0.9223954485496375,
  "f1_macro": 0.9111173991496919,
  "f1_intentional": 0.878432744446388,
  "precision_intentional": 0.9111030478955007,
  "recall_intentional": 0.8480243161094225,
  "f1_unintentional": 0.9438020538529959,
  "precision_unintentional": 0.928412344893414,
  "recall_unintentional": 0.9597105739187634,
  "n_seed": 157,
  "n_clusters": 111
}