{
  "n_cells": 1184,
  "n_parse_fail_chunks": 0,
  "n_chunks": 104,
  "accuracy": 0.5067567567567568,
  "f1_weighted": 0.5410766807939045,
  "f1_intentional": 0.2493573264781491,
  "f1_unintentional": 0.6327044025157232
}