{
  "timestamp": "20260128_115945",
  "algorithm": "kmeans",
  "baseline": {
    "f1": 0.9187,
    "f1_int": 0.9153,
    "f1_unint": 0.9217
  },
  "results": [
    {
      "method": "RandomForest",
      "accuracy": 0.9075867635189669,
      "f1_weighted": 0.9074928425633486,
      "f1_intentional": 0.9004174639067664,
      "f1_unintentional": 0.9137931034482759,
      "runtime": 0.2180628776550293
    },
    {
      "method": "LabelPropagation",
      "accuracy": 0.6376513317191284,
      "f1_weighted": 0.6310196402647318,
      "f1_intentional": 0.6731462269302173,
      "f1_unintentional": 0.5935080809452669,
      "runtime": 0.3989105224609375
    },
    {
      "method": "LabelSpreading",
      "accuracy": 0.6364406779661017,
      "f1_weighted": 0.6294001038172388,
      "f1_intentional": 0.6731487864165729,
      "f1_unintentional": 0.5904441514752011,
      "runtime": 0.3490159511566162
    }
  ],
  "winner": {
    "method": "RandomForest",
    "accuracy": 0.9075867635189669,
    "f1_weighted": 0.9074928425633486,
    "f1_intentional": 0.9004174639067664,
    "f1_unintentional": 0.9137931034482759,
    "runtime": 0.2180628776550293
  }
}