{
  "accuracy": 0.8621323529411765,
  "f1_weighted": 0.8657762155260336,
  "f1_macro": 0.8487163134242024,
  "f1_intentional": 0.8036649214659686,
  "precision_intentional": 0.7206572769953051,
  "recall_intentional": 0.908284023668639,
  "f1_unintentional": 0.8937677053824362,
  "precision_unintentional": 0.9531722054380665,
  "recall_unintentional": 0.8413333333333334,
  "n_seed": 11
}