{
  "timestamp": "20260128_111746",
  "algorithm": "kmeans",
  "baseline": {
    "f1": 0.9187,
    "f1_int": 0.9153,
    "f1_unint": 0.9217
  },
  "results": [
    {
      "method": "RandomForest",
      "accuracy": 0.9075867635189669,
      "f1_weighted": 0.9074928425633486,
      "f1_intentional": 0.9004174639067664,
      "f1_unintentional": 0.9137931034482759,
      "runtime": 0.3695492744445801
    },
    {
      "method": "LabelPropagation",
      "accuracy": 1.0,
      "f1_weighted": 1.0,
      "f1_intentional": 1.0,
      "f1_unintentional": 0,
      "runtime": 0.4389481544494629
    },
    {
      "method": "LabelSpreading",
      "accuracy": 1.0,
      "f1_weighted": 1.0,
      "f1_intentional": 1.0,
      "f1_unintentional": 0,
      "runtime": 0.36580991744995117
    }
  ],
  "winner": {
    "method": "LabelPropagation",
    "accuracy": 1.0,
    "f1_weighted": 1.0,
    "f1_intentional": 1.0,
    "f1_unintentional": 0,
    "runtime": 0.4389481544494629
  }
}