{
  "accuracy": 0.9644624952405128,
  "f1_weighted": 0.9636892382116428,
  "f1_macro": 0.9340382425825464,
  "f1_intentional": 0.8892405063291139,
  "precision_intentional": 0.939799331103679,
  "recall_intentional": 0.8438438438438438,
  "f1_unintentional": 0.9788359788359788,
  "precision_unintentional": 0.9688762531797097,
  "recall_unintentional": 0.9890025966091339,
  "n_seed": 147,
  "n_clusters": 101
}