{
  "accuracy": 0.954954954954955,
  "f1_weighted": 0.9546119894714429,
  "f1_macro": 0.9478692214703552,
  "f1_intentional": 0.9286498353457738,
  "precision_intentional": 0.9556622423044338,
  "recall_intentional": 0.9031224979983987,
  "f1_unintentional": 0.9670886075949368,
  "precision_unintentional": 0.9546420092465325,
  "recall_unintentional": 0.9798640502757471,
  "n_seed": 117
}