{
  "accuracy": 0.8962472406181016,
  "f1_weighted": 0.8959416991396323,
  "f1_macro": 0.8895653054814832,
  "f1_intentional": 0.8624006691760769,
  "precision_intentional": 0.8754599490517974,
  "recall_intentional": 0.8497252747252747,
  "f1_unintentional": 0.9167299417868894,
  "precision_unintentional": 0.9085284280936455,
  "recall_unintentional": 0.9250808785969692,
  "n_seed": 189,
  "n_clusters": 140
}