{
  "n_cells": 1043,
  "n_parse_fail_chunks": 0,
  "n_chunks": 56,
  "accuracy": 0.713326941514861,
  "f1_weighted": 0.7102783769660544,
  "f1_intentional": 0.7254361799816346,
  "f1_unintentional": 0.7001003009027081
}