{
  "algorithm": "kmeans",
  "baseline": {
    "method": "HDBSCAN+RF",
    "f1_weighted": 0.9187,
    "f1_intentional": 0.9153,
    "f1_unintentional": 0.9217
  },
  "results": [
    {
      "method": "RandomForest",
      "accuracy": 0.604573878863677,
      "f1_weighted": 0.6039976813357978,
      "f1_intentional": 0.571284673795134,
      "f1_unintentional": 0.6330658531732873,
      "runtime": 0.339324951171875
    },
    {
      "method": "LabelPropagation",
      "accuracy": 0.5910309094157584,
      "f1_weighted": 0.5870815605001014,
      "f1_intentional": 0.5292254534984163,
      "f1_unintentional": 0.6384914242395527,
      "runtime": 0.9914288520812988
    },
    {
      "method": "LabelSpreading",
      "accuracy": 0.5541182776487404,
      "f1_weighted": 0.4920044232728548,
      "f1_intentional": 0.28484640073360845,
      "f1_unintentional": 0.676081200353045,
      "runtime": 0.0626835823059082
    }
  ]
}