{
  "accuracy": 0.9618849618849619,
  "f1_weighted": 0.9614625838224394,
  "f1_macro": 0.9556042579552597,
  "f1_intentional": 0.9389058594834768,
  "precision_intentional": 0.9785817655571636,
  "recall_intentional": 0.9023218574859888,
  "f1_unintentional": 0.9723026564270427,
  "precision_unintentional": 0.954753368772407,
  "recall_unintentional": 0.9905091701936642,
  "n_seed": 117
}