{
  "n_cells": 1043,
  "n_parse_fail_chunks": 0,
  "n_chunks": 56,
  "accuracy": 0.7152444870565676,
  "f1_weighted": 0.7122163142438734,
  "f1_intentional": 0.7272727272727273,
  "f1_unintentional": 0.7021063189568706,
  "f1_macro": 0.7146895231147989
}