{
  "timestamp": "20260128_121013",
  "algorithm": "kmeans",
  "baseline": {
    "f1": 0.9187,
    "f1_int": 0.9153,
    "f1_unint": 0.9217
  },
  "results": [
    {
      "method": "RandomForest",
      "accuracy": 0.9075867635189669,
      "f1_weighted": 0.9074928425633486,
      "f1_intentional": 0.9004174639067664,
      "f1_unintentional": 0.9137931034482759,
      "runtime": 0.42799878120422363
    },
    {
      "method": "LabelPropagation",
      "accuracy": 0.5266747376916868,
      "f1_weighted": 0.5266579606296361,
      "f1_intentional": 0.5269610808630772,
      "f1_unintentional": 0.5263880476478902,
      "runtime": 0.41558003425598145
    },
    {
      "method": "LabelSpreading",
      "accuracy": 0.5286117836965295,
      "f1_weighted": 0.5287466178997027,
      "f1_intentional": 0.5260296206127003,
      "f1_unintentional": 0.531165964278547,
      "runtime": 0.4141571521759033
    }
  ],
  "winner": {
    "method": "RandomForest",
    "accuracy": 0.9075867635189669,
    "f1_weighted": 0.9074928425633486,
    "f1_intentional": 0.9004174639067664,
    "f1_unintentional": 0.9137931034482759,
    "runtime": 0.42799878120422363
  }
}