{
  "accuracy": 0.9617983367983368,
  "f1_weighted": 0.9614359031312544,
  "f1_macro": 0.9556340993696568,
  "f1_intentional": 0.939096809832896,
  "precision_intentional": 0.9730967372638809,
  "recall_intentional": 0.9073925807312516,
  "f1_unintentional": 0.9721713889064176,
  "precision_unintentional": 0.9568944099378882,
  "recall_unintentional": 0.9879440810568167,
  "n_seed": 117
}