{
  "accuracy": 0.886518771331058,
  "f1_weighted": 0.8916334993011084,
  "f1_macro": 0.859363256850894,
  "f1_intentional": 0.7975646879756468,
  "precision_intentional": 0.6949602122015915,
  "recall_intentional": 0.9357142857142857,
  "f1_unintentional": 0.921161825726141,
  "precision_unintentional": 0.9773584905660377,
  "recall_unintentional": 0.8710762331838565,
  "n_seed": 12
}