{
  "accuracy": 0.8404669260700389,
  "f1_weighted": 0.8411238401361021,
  "f1_macro": 0.8356495562522421,
  "f1_intentional": 0.8075117370892019,
  "precision_intentional": 0.7853881278538812,
  "recall_intentional": 0.8309178743961353,
  "f1_unintentional": 0.8637873754152824,
  "precision_unintentional": 0.8813559322033898,
  "recall_unintentional": 0.8469055374592834,
  "n_seed": 15,
  "n_clusters": 10
}