{
  "accuracy": 0.8547794117647058,
  "f1_weighted": 0.8591950193774034,
  "f1_macro": 0.842656561773482,
  "f1_intentional": 0.7989821882951654,
  "precision_intentional": 0.7008928571428571,
  "recall_intentional": 0.9289940828402367,
  "f1_unintentional": 0.8863309352517985,
  "precision_unintentional": 0.9625,
  "recall_unintentional": 0.8213333333333334,
  "n_seed": 11
}