{
  "accuracy": 0.7377841221038761,
  "f1_weighted": 0.7392754862076233,
  "f1_macro": 0.7057943620785005,
  "f1_intentional": 0.608781127129751,
  "precision_intentional": 0.5951313260730301,
  "recall_intentional": 0.6230717639168344,
  "f1_unintentional": 0.8028075970272502,
  "precision_unintentional": 0.8121971595655806,
  "recall_unintentional": 0.7936326530612244,
  "n_seed": 92
}