{
  "accuracy": 0.9806445962515327,
  "f1_weighted": 0.9806507140444176,
  "f1_macro": 0.977916740379545,
  "f1_intentional": 0.9701553004726536,
  "precision_intentional": 0.9689776099271649,
  "recall_intentional": 0.971335857220119,
  "f1_unintentional": 0.9856781802864364,
  "precision_unintentional": 0.9862534042277267,
  "recall_unintentional": 0.9851036269430051,
  "n_seed": 243,
  "n_clusters": 183
}