{
  "accuracy": 0.6302032913843175,
  "f1_weighted": 0.5602935420213614,
  "f1_macro": 0.5140703195807227,
  "f1_intentional": 0.2765151515151515,
  "precision_intentional": 0.6517857142857143,
  "recall_intentional": 0.17548076923076922,
  "f1_unintentional": 0.7516254876462939,
  "precision_unintentional": 0.6275787187839305,
  "recall_unintentional": 0.9367909238249594,
  "n_seed": 10
}