{
  "accuracy": 0.9692480942480942,
  "f1_weighted": 0.9690151629155833,
  "f1_macro": 0.9644133487854882,
  "f1_intentional": 0.9512964741391138,
  "precision_intentional": 0.9788255223037832,
  "recall_intentional": 0.9252735521750733,
  "f1_unintentional": 0.9775302234318628,
  "precision_unintentional": 0.9650087478130467,
  "recall_unintentional": 0.9903809157368219,
  "n_seed": 117
}