{
  "accuracy": 0.5955631399317406,
  "f1_weighted": 0.6160219576578498,
  "f1_macro": 0.5890092329545454,
  "f1_intentional": 0.537109375,
  "precision_intentional": 0.37012113055181695,
  "recall_intentional": 0.9786476868327402,
  "f1_unintentional": 0.6409090909090909,
  "precision_unintentional": 0.986013986013986,
  "recall_unintentional": 0.47474747474747475
}