{
  "accuracy": 0.8299632352941176,
  "f1_weighted": 0.8351459379358128,
  "f1_macro": 0.8154611774435029,
  "f1_intentional": 0.7637292464878672,
  "precision_intentional": 0.6704035874439462,
  "recall_intentional": 0.887240356083086,
  "f1_unintentional": 0.8671931083991385,
  "precision_unintentional": 0.940809968847352,
  "recall_unintentional": 0.8042609853528628
}