feature,importance
row_signal_sum,0.2659500029953754
signal_C7,0.19815138672987054
signal_C10,0.17778264794167584
n_applicable,0.14693930136291106
cell_signal_ratio,0.1083794627204009
cell_signal_sum,0.07765502811252116
signal_C3,0.018127908280304198
signal_C4,0.007014261856940885
signal_C2,0.0
signal_C1,0.0
signal_C9,0.0
signal_C8,0.0
signal_C5,0.0
signal_C6,0.0
signal_C14,0.0
signal_C13,0.0
signal_C12,0.0
signal_C11,0.0
