{
  "accuracy": 0.7675560030203876,
  "f1_weighted": 0.7924066958945617,
  "f1_macro": 0.6911086964588231,
  "f1_intentional": 0.5374405209115953,
  "precision_intentional": 0.4065934065934066,
  "recall_intentional": 0.792466765140325,
  "f1_unintentional": 0.8447768720060509,
  "precision_unintentional": 0.9470510646316186,
  "recall_unintentional": 0.7624393203883495
}