{
  "accuracy": 0.8116770616770617,
  "f1_weighted": 0.8133055745300986,
  "f1_macro": 0.7890335484043213,
  "f1_intentional": 0.7199175470239629,
  "precision_intentional": 0.6955439382623849,
  "recall_intentional": 0.7460614152202937,
  "f1_unintentional": 0.8581495497846796,
  "precision_unintentional": 0.8736548425667596,
  "recall_unintentional": 0.8431850237209899
}