{
  "accuracy": 0.7564338235294118,
  "f1_weighted": 0.7572987841173274,
  "f1_macro": 0.7177028105371891,
  "f1_intentional": 0.6131386861313869,
  "precision_intentional": 0.6051873198847262,
  "recall_intentional": 0.621301775147929,
  "f1_unintentional": 0.8222669349429913,
  "precision_unintentional": 0.8272604588394062,
  "recall_unintentional": 0.8173333333333334,
  "n_seed": 11
}