{
  "accuracy": 0.7289448209099709,
  "f1_weighted": 0.7299382476761304,
  "f1_macro": 0.7195569379697644,
  "f1_intentional": 0.6682464454976303,
  "precision_intentional": 0.6527777777777778,
  "recall_intentional": 0.6844660194174758,
  "f1_unintentional": 0.7708674304418985,
  "precision_unintentional": 0.78369384359401,
  "recall_unintentional": 0.7584541062801933
}