{
  "accuracy": 0.8625715773034878,
  "f1_weighted": 0.8621711687140378,
  "f1_macro": 0.8538923503784652,
  "f1_intentional": 0.8182819383259912,
  "precision_intentional": 0.8306316377864729,
  "recall_intentional": 0.8062940857297883,
  "f1_unintentional": 0.8895027624309392,
  "precision_unintentional": 0.8815331010452961,
  "recall_unintentional": 0.8976178408514952,
  "n_seed": 97
}