algorithm,n_clusters,silhouette,runtime,params,n_variants,n_train_samples,n_test_samples,total_variants,total_samples,pct_train_variants,pct_train_samples,pct_test_samples,accuracy,f1_weighted,f1_intentional,f1_unintentional,n_noise,bic,aic,converged,probabilities
K-Means,15,0.4828816434873652,2.5259218215942383,{'n_clusters': 15},15,27,28229,18207,28256,0.08238589553468446,0.09555492638731597,99.90444507361268,0.6805412873286337,0.6730996791775302,0.7159685039370078,0.635016998542982,,,,,
DBSCAN,294,0.8735329273868765,2.1865651607513428,"{'eps': np.float64(0.03932909686659778), 'min_samples': 5}",294,564,27692,18207,28256,1.6147635524798154,1.9960362400906002,98.0039637599094,0.8519789108767876,0.8516867616104725,0.8552664100843896,0.8485385951298822,1769.0,,,,
Hierarchical-Ward,15,0.491042787869057,6.224879503250122,"{'n_clusters': 15, 'linkage': 'ward'}",15,26,28230,18207,28256,0.08238589553468446,0.09201585503963759,99.90798414496037,0.6564293304994686,0.6566446919998556,0.6401780745687257,0.6712760549059481,,,,,
Hierarchical-Average,15,0.34287250947652087,7.198684215545654,"{'n_clusters': 15, 'linkage': 'average'}",15,35,28221,18207,28256,0.08238589553468446,0.12386749716874293,99.87613250283125,0.6162786577371461,0.5952687463483319,0.680645256421599,0.5194159676918297,,,,,
GMM,15,0.3735207987258205,5.919283390045166,{'n_components': 15},15,31,28225,18207,28256,0.08238589553468446,0.10971121177802945,99.89028878822197,0.673303808680248,0.6714624082133871,0.6329950248756219,0.7056344772545889,,-1421822.1300555165,-1429545.786294461,True,"[[6.46440153e-016 0.00000000e+000 0.00000000e+000 ... 2.68420945e-010
  3.01537002e-012 3.38058507e-024]
 [2.80531062e-011 0.00000000e+000 0.00000000e+000 ... 2.11782699e-013
  1.85450503e-010 1.49154707e-025]
 [0.00000000e+000 0.00000000e+000 0.00000000e+000 ... 1.89597822e-312
  0.00000000e+000 2.63334520e-018]
 ...
 [9.99986510e-001 0.00000000e+000 0.00000000e+000 ... 0.00000000e+000
  2.76304844e-027 1.34892010e-005]
 [0.00000000e+000 0.00000000e+000 0.00000000e+000 ... 0.00000000e+000
  0.00000000e+000 1.35931504e-256]
 [4.97421879e-011 0.00000000e+000 0.00000000e+000 ... 4.59028768e-012
  1.63459307e-012 2.98202691e-024]]"
HDBSCAN,585,0.9295056855034923,2.99680757522583,"{'min_cluster_size': 5, 'min_samples': 5}",585,1022,27234,18207,28256,3.2130499258526943,3.616930917327293,96.3830690826727,0.9226334728648014,0.922665415328055,0.9182033464031989,0.9266083806471838,1158.0,,,,
