{
  "strategy": "Probability_0.7_Run1",
  "overall": {
    "accuracy": 0.48839184597961494,
    "macro_f1": 0.4741632580054003,
    "macro_precision": 0.4998730526512971,
    "macro_recall": 0.4998918073402934,
    "total_changes": 28256,
    "intentional_count": 13291,
    "unintentional_count": 14965
  },
  "intentional": {
    "precision": 0.4703003110182022,
    "recall": 0.694003460988639,
    "f1": 0.5606613177729152
  },
  "unintentional": {
    "precision": 0.529445794284392,
    "recall": 0.3057801536919479,
    "f1": 0.3876651982378855
  }
}