{
  "accuracy": 0.8642584892584892,
  "f1_weighted": 0.8650672606313086,
  "f1_macro": 0.8472212562409044,
  "f1_intentional": 0.7962023670178177,
  "precision_intentional": 0.7776930894308943,
  "recall_intentional": 0.8156141753264056,
  "f1_unintentional": 0.8982401454639911,
  "precision_unintentional": 0.9090431125131441,
  "recall_unintentional": 0.8876909254267745,
  "n_seed": 117
}