{
  "accuracy": 0.8846434148880791,
  "f1_weighted": 0.8849921542528283,
  "f1_macro": 0.8788117177331076,
  "f1_intentional": 0.8522272606028274,
  "precision_intentional": 0.8381427072402938,
  "recall_intentional": 0.8667932718393923,
  "f1_unintentional": 0.905396174863388,
  "precision_unintentional": 0.9152425340928707,
  "recall_unintentional": 0.8957594188207467,
  "n_seed": 97
}