{
  "accuracy": 0.8565330557001561,
  "f1_weighted": 0.8572494798447141,
  "f1_macro": 0.8500103395112932,
  "f1_intentional": 0.8187319126545646,
  "precision_intentional": 0.7957044234211199,
  "recall_intentional": 0.8431319425629911,
  "f1_unintentional": 0.881288766368022,
  "precision_unintentional": 0.8983140147523709,
  "recall_unintentional": 0.8648968549205276
}