{
  "accuracy": 0.6755514705882353,
  "f1_weighted": 0.6322392478116304,
  "f1_macro": 0.535781757087516,
  "f1_intentional": 0.28105906313645623,
  "precision_intentional": 0.45098039215686275,
  "recall_intentional": 0.20414201183431951,
  "f1_unintentional": 0.7905044510385757,
  "precision_unintentional": 0.7122994652406417,
  "recall_unintentional": 0.888
}