{
  "accuracy": 0.73878188443519,
  "f1_weighted": 0.7399300588891948,
  "f1_macro": 0.7263402903515819,
  "f1_intentional": 0.6679899430991134,
  "precision_intentional": 0.6516911954557191,
  "recall_intentional": 0.6851248642779587,
  "f1_unintentional": 0.7846906376040504,
  "precision_unintentional": 0.7976273551988835,
  "recall_unintentional": 0.7721668637054552,
  "n_seed": 97
}