{
  "accuracy": 0.9297759879184495,
  "f1_weighted": 0.9268318363393571,
  "f1_macro": 0.8656355428025054,
  "f1_intentional": 0.7728013029315961,
  "precision_intentional": 0.8611615245009074,
  "recall_intentional": 0.7008862629246676,
  "f1_unintentional": 0.9584697826734148,
  "precision_unintentional": 0.9408240794856809,
  "recall_unintentional": 0.9767900485436893
}