{
  "accuracy": 0.7081911262798635,
  "f1_weighted": 0.7277329000163552,
  "f1_macro": 0.6623104401159263,
  "f1_intentional": 0.5378378378378378,
  "precision_intentional": 0.43073593073593075,
  "recall_intentional": 0.7158273381294964,
  "f1_unintentional": 0.786783042394015,
  "precision_unintentional": 0.8887323943661972,
  "recall_unintentional": 0.7058165548098434
}