{
  "accuracy": 0.9020533655429889,
  "f1_weighted": 0.9013605706159182,
  "f1_macro": 0.8871762692844007,
  "f1_intentional": 0.8462068965517241,
  "precision_intentional": 0.869287991498406,
  "recall_intentional": 0.824319785018475,
  "f1_unintentional": 0.9281456420170775,
  "precision_unintentional": 0.9167727562062381,
  "recall_unintentional": 0.9398042414355628
}