{
  "accuracy": 0.8747527329515877,
  "f1_weighted": 0.874899835522596,
  "f1_macro": 0.8679108984787378,
  "f1_intentional": 0.8378487666801455,
  "precision_intentional": 0.8325743369943746,
  "recall_intentional": 0.8431904503526858,
  "f1_unintentional": 0.8979730302773302,
  "precision_unintentional": 0.901566757493188,
  "recall_unintentional": 0.8944078391620206,
  "n_seed": 97
}