{
  "strategy": "constant_always_unintentional",
  "overall": {
    "accuracy": 0.8419713095788987,
    "macro_f1": 0.45710337897249087,
    "macro_precision": 0.4209856547894493,
    "macro_recall": 0.5,
    "total_changes": 8644,
    "intentional_count": 1366,
    "unintentional_count": 7278
  },
  "intentional": {
    "precision": 0.0,
    "recall": 0.0,
    "f1": 0.0
  },
  "unintentional": {
    "precision": 0.8419713095788987,
    "recall": 1.0,
    "f1": 0.9142067579449817
  }
}