{
  "accuracy": 0.7144240077444337,
  "f1_weighted": 0.6941251675094837,
  "f1_macro": 0.670810499582484,
  "f1_intentional": 0.5509893455098934,
  "precision_intentional": 0.7510373443983402,
  "recall_intentional": 0.43509615384615385,
  "f1_unintentional": 0.7906316536550745,
  "precision_unintentional": 0.7032828282828283,
  "recall_unintentional": 0.9027552674230146,
  "n_seed": 10
}