{
  "accuracy": 0.8783204798628963,
  "f1_weighted": 0.8755157081649108,
  "f1_macro": 0.8252772974568765,
  "f1_intentional": 0.7290076335877863,
  "precision_intentional": 0.7795918367346939,
  "recall_intentional": 0.6845878136200717,
  "f1_unintentional": 0.9215469613259668,
  "precision_unintentional": 0.9045553145336226,
  "recall_unintentional": 0.9391891891891891,
  "n_seed": 17,
  "n_clusters": 15
}